id,name,brand,weight_oz,surface_material,core_material,skill_level,paddle_type,image_url,description,pros,cons,affiliate_link,release_year
1,Selkirk Amped Lite,Selkirk,7.4,Raw Carbon Fiber,Polymer,Beginner,Power,https://picsum.photos/seed/pb-1-selkirk-amped-lite/800/600,Selkirk Amped Lite is tuned for power play with a raw carbon fiber face and reliable feel for beginner players.,Consistent sweet spot | Comfortable handle | Durable face,May feel firm on dinks,https://www.amazon.com/s?k=Selkirk+Amped+pickleball+paddle,2021
2,Selkirk Amped Standard,Selkirk,7.5,Fiberglass,Honeycomb Polymer,Intermediate,Control,https://picsum.photos/seed/pb-2-selkirk-amped-standard/800/600,Selkirk Amped Standard is tuned for control play with a fiberglass face and reliable feel for intermediate players.,Consistent sweet spot | Comfortable handle | Durable face,May feel firm on dinks,https://www.amazon.com/s?k=Selkirk+Amped+pickleball+paddle,2022
3,Selkirk Amped Max,Selkirk,7.6,Graphite,ControlPro Polymer,Advanced,Balanced,https://picsum.photos/seed/pb-3-selkirk-amped-max/800/600,Selkirk Amped Max is tuned for balanced play with a graphite face and reliable feel for advanced players.,Consistent sweet spot | Comfortable handle | Durable face,May feel firm on dinks,https://www.amazon.com/s?k=Selkirk+Amped+pickleball+paddle,2023
4,Selkirk Amped Pro,Selkirk,7.7,Carbon Fiber,Foam-Injected Polymer,Beginner,Power,https://picsum.photos/seed/pb-4-selkirk-amped-pro/800/600,Selkirk Amped Pro is tuned for power play with a carbon fiber face and reliable feel for beginner players.,Consistent sweet spot | Comfortable handle | Durable face,May feel firm on dinks,https://www.amazon.com/s?k=Selkirk+Amped+pickleball+paddle,2024
5,Selkirk Vanguard Lite,Selkirk,7.8,Kevlar Blend,Polymer,Intermediate,Control,https://picsum.photos/seed/pb-5-selkirk-vanguard-lite/800/600,Selkirk Vanguard Lite is tuned for control play with a kevlar blend face and reliable feel for intermediate players.,Consistent sweet spot | Comfortable handle | Durable face,May feel firm on dinks,https://www.amazon.com/s?k=Selkirk+Vanguard+pickleball+paddle,2025
6,Selkirk Vanguard Standard,Selkirk,7.9,Raw Carbon Fiber,Honeycomb Polymer,Advanced,Balanced,https://picsum.photos/seed/pb-6-selkirk-vanguard-standard/800/600,Selkirk Vanguard Standard is tuned for balanced play with a raw carbon fiber face and reliable feel for advanced players.,Consistent sweet spot | Comfortable handle | Durable face,May feel firm on dinks,https://www.amazon.com/s?k=Selkirk+Vanguard+pickleball+paddle,2026
7,Selkirk Vanguard Max,Selkirk,8.0,Fiberglass,ControlPro Polymer,Beginner,Power,https://picsum.photos/seed/pb-7-selkirk-vanguard-max/800/600,Selkirk Vanguard Max is tuned for power play with a fiberglass face and reliable feel for beginner players.,Consistent sweet spot | Comfortable handle | Durable face,May feel firm on dinks,https://www.amazon.com/s?k=Selkirk+Vanguard+pickleball+paddle,2021
8,Selkirk Vanguard Pro,Selkirk,8.1,Graphite,Foam-Injected Polymer,Intermediate,Control,https://picsum.photos/seed/pb-8-selkirk-vanguard-pro/800/600,Selkirk Vanguard Pro is tuned for control play with a graphite face and reliable feel for intermediate players.,Consistent sweet spot | Comfortable handle | Durable face,May feel firm on dinks,https://www.amazon.com/s?k=Selkirk+Vanguard+pickleball+paddle,2022
9,Selkirk Luxx Lite,Selkirk,8.2,Carbon Fiber,Polymer,Advanced,Balanced,https://picsum.photos/seed/pb-9-selkirk-luxx-lite/800/600,Selkirk Luxx Lite is tuned for balanced play with a carbon fiber face and reliable feel for advanced players.,Consistent sweet spot | Comfortable handle | Durable face,May feel firm on dinks,https://www.amazon.com/s?k=Selkirk+Luxx+pickleball+paddle,2023
10,Selkirk Luxx Standard,Selkirk,8.3,Kevlar Blend,Honeycomb Polymer,Beginner,Power,https://picsum.photos/seed/pb-10-selkirk-luxx-standard/800/600,Selkirk Luxx Standard is tuned for power play with a kevlar blend face and reliable feel for beginner players.,Consistent sweet spot | Comfortable handle | Durable face,May feel firm on dinks,https://www.amazon.com/s?k=Selkirk+Luxx+pickleball+paddle,2024
11,Selkirk Luxx Max,Selkirk,8.4,Raw Carbon Fiber,ControlPro Polymer,Intermediate,Control,https://picsum.photos/seed/pb-11-selkirk-luxx-max/800/600,Selkirk Luxx Max is tuned for control play with a raw carbon fiber face and reliable feel for intermediate players.,Consistent sweet spot | Comfortable handle | Durable face,May feel firm on dinks,https://www.amazon.com/s?k=Selkirk+Luxx+pickleball+paddle,2025
12,Selkirk Luxx Pro,Selkirk,8.5,Fiberglass,Foam-Injected Polymer,Advanced,Balanced,https://picsum.photos/seed/pb-12-selkirk-luxx-pro/800/600,Selkirk Luxx Pro is tuned for balanced play with a fiberglass face and reliable feel for advanced players.,Consistent sweet spot | Comfortable handle | Durable face,May feel firm on dinks,https://www.amazon.com/s?k=Selkirk+Luxx+pickleball+paddle,2026
13,Selkirk SLK Halo Lite,Selkirk,7.4,Graphite,Polymer,Beginner,Power,https://picsum.photos/seed/pb-13-selkirk-slk-halo-lite/800/600,Selkirk SLK Halo Lite is tuned for power play with a graphite face and reliable feel for beginner players.,Consistent sweet spot | Comfortable handle | Durable face,May feel firm on dinks,https://www.amazon.com/s?k=Selkirk+SLK+Halo+pickleball+paddle,2021
14,Selkirk SLK Halo Standard,Selkirk,7.5,Carbon Fiber,Honeycomb Polymer,Intermediate,Control,https://picsum.photos/seed/pb-14-selkirk-slk-halo-standard/800/600,Selkirk SLK Halo Standard is tuned for control play with a carbon fiber face and reliable feel for intermediate players.,Consistent sweet spot | Comfortable handle | Durable face,May feel firm on dinks,https://www.amazon.com/s?k=Selkirk+SLK+Halo+pickleball+paddle,2022
15,Selkirk SLK Halo Max,Selkirk,7.6,Kevlar Blend,ControlPro Polymer,Advanced,Balanced,https://picsum.photos/seed/pb-15-selkirk-slk-halo-max/800/600,Selkirk SLK Halo Max is tuned for balanced play with a kevlar blend face and reliable feel for advanced players.,Consistent sweet spot | Comfortable handle | Durable face,May feel firm on dinks,https://www.amazon.com/s?k=Selkirk+SLK+Halo+pickleball+paddle,2023
16,Selkirk SLK Halo Pro,Selkirk,7.7,Raw Carbon Fiber,Foam-Injected Polymer,Beginner,Power,https://picsum.photos/seed/pb-16-selkirk-slk-halo-pro/800/600,Selkirk SLK Halo Pro is tuned for power play with a raw carbon fiber face and reliable feel for beginner players.,Consistent sweet spot | Comfortable handle | Durable face,May feel firm on dinks,https://www.amazon.com/s?k=Selkirk+SLK+Halo+pickleball+paddle,2024
17,Joola Perseus Lite,Joola,7.8,Fiberglass,Polymer,Intermediate,Control,https://picsum.photos/seed/pb-17-joola-perseus-lite/800/600,Joola Perseus Lite is tuned for control play with a fiberglass face and reliable feel for intermediate players.,Consistent sweet spot | Comfortable handle | Durable face,May feel firm on dinks,https://www.amazon.com/s?k=Joola+Perseus+pickleball+paddle,2025
18,Joola Perseus Standard,Joola,7.9,Graphite,Honeycomb Polymer,Advanced,Balanced,https://picsum.photos/seed/pb-18-joola-perseus-standard/800/600,Joola Perseus Standard is tuned for balanced play with a graphite face and reliable feel for advanced players.,Consistent sweet spot | Comfortable handle | Durable face,May feel firm on dinks,https://www.amazon.com/s?k=Joola+Perseus+pickleball+paddle,2026
19,Joola Perseus Max,Joola,8.0,Carbon Fiber,ControlPro Polymer,Beginner,Power,https://picsum.photos/seed/pb-19-joola-perseus-max/800/600,Joola Perseus Max is tuned for power play with a carbon fiber face and reliable feel for beginner players.,Consistent sweet spot | Comfortable handle | Durable face,May feel firm on dinks,https://www.amazon.com/s?k=Joola+Perseus+pickleball+paddle,2021
20,Joola Perseus Pro,Joola,8.1,Kevlar Blend,Foam-Injected Polymer,Intermediate,Control,https://picsum.photos/seed/pb-20-joola-perseus-pro/800/600,Joola Perseus Pro is tuned for control play with a kevlar blend face and reliable feel for intermediate players.,Consistent sweet spot | Comfortable handle | Durable face,May feel firm on dinks,https://www.amazon.com/s?k=Joola+Perseus+pickleball+paddle,2022
21,Joola Scorpeus Lite,Joola,8.2,Raw Carbon Fiber,Polymer,Advanced,Balanced,https://picsum.photos/seed/pb-21-joola-scorpeus-lite/800/600,Joola Scorpeus Lite is tuned for balanced play with a raw carbon fiber face and reliable feel for advanced players.,Consistent sweet spot | Comfortable handle | Durable face,May feel firm on dinks,https://www.amazon.com/s?k=Joola+Scorpeus+pickleball+paddle,2023
22,Joola Scorpeus Standard,Joola,8.3,Fiberglass,Honeycomb Polymer,Beginner,Power,https://picsum.photos/seed/pb-22-joola-scorpeus-standard/800/600,Joola Scorpeus Standard is tuned for power play with a fiberglass face and reliable feel for beginner players.,Consistent sweet spot | Comfortable handle | Durable face,May feel firm on dinks,https://www.amazon.com/s?k=Joola+Scorpeus+pickleball+paddle,2024
23,Joola Scorpeus Max,Joola,8.4,Graphite,ControlPro Polymer,Intermediate,Control,https://picsum.photos/seed/pb-23-joola-scorpeus-max/800/600,Joola Scorpeus Max is tuned for control play with a graphite face and reliable feel for intermediate players.,Consistent sweet spot | Comfortable handle | Durable face,May feel firm on dinks,https://www.amazon.com/s?k=Joola+Scorpeus+pickleball+paddle,2025
24,Joola Scorpeus Pro,Joola,8.5,Carbon Fiber,Foam-Injected Polymer,Advanced,Balanced,https://picsum.photos/seed/pb-24-joola-scorpeus-pro/800/600,Joola Scorpeus Pro is tuned for balanced play with a carbon fiber face and reliable feel for advanced players.,Consistent sweet spot | Comfortable handle | Durable face,May feel firm on dinks,https://www.amazon.com/s?k=Joola+Scorpeus+pickleball+paddle,2026
25,Joola Hyperion Lite,Joola,7.4,Kevlar Blend,Polymer,Beginner,Power,https://picsum.photos/seed/pb-25-joola-hyperion-lite/800/600,Joola Hyperion Lite is tuned for power play with a kevlar blend face and reliable feel for beginner players.,Consistent sweet spot | Comfortable handle | Durable face,May feel firm on dinks,https://www.amazon.com/s?k=Joola+Hyperion+pickleball+paddle,2021
26,Joola Hyperion Standard,Joola,7.5,Raw Carbon Fiber,Honeycomb Polymer,Intermediate,Control,https://picsum.photos/seed/pb-26-joola-hyperion-standard/800/600,Joola Hyperion Standard is tuned for control play with a raw carbon fiber face and reliable feel for intermediate players.,Consistent sweet spot | Comfortable handle | Durable face,May feel firm on dinks,https://www.amazon.com/s?k=Joola+Hyperion+pickleball+paddle,2022
27,Joola Hyperion Max,Joola,7.6,Fiberglass,ControlPro Polymer,Advanced,Balanced,https://picsum.photos/seed/pb-27-joola-hyperion-max/800/600,Joola Hyperion Max is tuned for balanced play with a fiberglass face and reliable feel for advanced players.,Consistent sweet spot | Comfortable handle | Durable face,May feel firm on dinks,https://www.amazon.com/s?k=Joola+Hyperion+pickleball+paddle,2023
28,Joola Hyperion Pro,Joola,7.7,Graphite,Foam-Injected Polymer,Beginner,Power,https://picsum.photos/seed/pb-28-joola-hyperion-pro/800/600,Joola Hyperion Pro is tuned for power play with a graphite face and reliable feel for beginner players.,Consistent sweet spot | Comfortable handle | Durable face,May feel firm on dinks,https://www.amazon.com/s?k=Joola+Hyperion+pickleball+paddle,2024
29,Joola Magnus Lite,Joola,7.8,Carbon Fiber,Polymer,Intermediate,Control,https://picsum.photos/seed/pb-29-joola-magnus-lite/800/600,Joola Magnus Lite is tuned for control play with a carbon fiber face and reliable feel for intermediate players.,Consistent sweet spot | Comfortable handle | Durable face,May feel firm on dinks,https://www.amazon.com/s?k=Joola+Magnus+pickleball+paddle,2025
30,Joola Magnus Standard,Joola,7.9,Kevlar Blend,Honeycomb Polymer,Advanced,Balanced,https://picsum.photos/seed/pb-30-joola-magnus-standard/800/600,Joola Magnus Standard is tuned for balanced play with a kevlar blend face and reliable feel for advanced players.,Consistent sweet spot | Comfortable handle | Durable face,May feel firm on dinks,https://www.amazon.com/s?k=Joola+Magnus+pickleball+paddle,2026
31,Joola Magnus Max,Joola,8.0,Raw Carbon Fiber,ControlPro Polymer,Beginner,Power,https://picsum.photos/seed/pb-31-joola-magnus-max/800/600,Joola Magnus Max is tuned for power play with a raw carbon fiber face and reliable feel for beginner players.,Consistent sweet spot | Comfortable handle | Durable face,May feel firm on dinks,https://www.amazon.com/s?k=Joola+Magnus+pickleball+paddle,2021
32,Joola Magnus Pro,Joola,8.1,Fiberglass,Foam-Injected Polymer,Intermediate,Control,https://picsum.photos/seed/pb-32-joola-magnus-pro/800/600,Joola Magnus Pro is tuned for control play with a fiberglass face and reliable feel for intermediate players.,Consistent sweet spot | Comfortable handle | Durable face,May feel firm on dinks,https://www.amazon.com/s?k=Joola+Magnus+pickleball+paddle,2022
33,Paddletek Bantam Lite,Paddletek,8.2,Graphite,Polymer,Advanced,Balanced,https://picsum.photos/seed/pb-33-paddletek-bantam-lite/800/600,Paddletek Bantam Lite is tuned for balanced play with a graphite face and reliable feel for advanced players.,Consistent sweet spot | Comfortable handle | Durable face,May feel firm on dinks,https://www.amazon.com/s?k=Paddletek+Bantam+pickleball+paddle,2023
34,Paddletek Bantam Standard,Paddletek,8.3,Carbon Fiber,Honeycomb Polymer,Beginner,Power,https://picsum.photos/seed/pb-34-paddletek-bantam-standard/800/600,Paddletek Bantam Standard is tuned for power play with a carbon fiber face and reliable feel for beginner players.,Consistent sweet spot | Comfortable handle | Durable face,May feel firm on dinks,https://www.amazon.com/s?k=Paddletek+Bantam+pickleball+paddle,2024
35,Paddletek Bantam Max,Paddletek,8.4,Kevlar Blend,ControlPro Polymer,Intermediate,Control,https://picsum.photos/seed/pb-35-paddletek-bantam-max/800/600,Paddletek Bantam Max is tuned for control play with a kevlar blend face and reliable feel for intermediate players.,Consistent sweet spot | Comfortable handle | Durable face,May feel firm on dinks,https://www.amazon.com/s?k=Paddletek+Bantam+pickleball+paddle,2025
36,Paddletek Bantam Pro,Paddletek,8.5,Raw Carbon Fiber,Foam-Injected Polymer,Advanced,Balanced,https://picsum.photos/seed/pb-36-paddletek-bantam-pro/800/600,Paddletek Bantam Pro is tuned for balanced play with a raw carbon fiber face and reliable feel for advanced players.,Consistent sweet spot | Comfortable handle | Durable face,May feel firm on dinks,https://www.amazon.com/s?k=Paddletek+Bantam+pickleball+paddle,2026
37,Paddletek Tempest Lite,Paddletek,7.4,Fiberglass,Polymer,Beginner,Power,https://picsum.photos/seed/pb-37-paddletek-tempest-lite/800/600,Paddletek Tempest Lite is tuned for power play with a fiberglass face and reliable feel for beginner players.,Consistent sweet spot | Comfortable handle | Durable face,May feel firm on dinks,https://www.amazon.com/s?k=Paddletek+Tempest+pickleball+paddle,2021
38,Paddletek Tempest Standard,Paddletek,7.5,Graphite,Honeycomb Polymer,Intermediate,Control,https://picsum.photos/seed/pb-38-paddletek-tempest-standard/800/600,Paddletek Tempest Standard is tuned for control play with a graphite face and reliable feel for intermediate players.,Consistent sweet spot | Comfortable handle | Durable face,May feel firm on dinks,https://www.amazon.com/s?k=Paddletek+Tempest+pickleball+paddle,2022
39,Paddletek Tempest Max,Paddletek,7.6,Carbon Fiber,ControlPro Polymer,Advanced,Balanced,https://picsum.photos/seed/pb-39-paddletek-tempest-max/800/600,Paddletek Tempest Max is tuned for balanced play with a carbon fiber face and reliable feel for advanced players.,Consistent sweet spot | Comfortable handle | Durable face,May feel firm on dinks,https://www.amazon.com/s?k=Paddletek+Tempest+pickleball+paddle,2023
40,Paddletek Tempest Pro,Paddletek,7.7,Kevlar Blend,Foam-Injected Polymer,Beginner,Power,https://picsum.photos/seed/pb-40-paddletek-tempest-pro/800/600,Paddletek Tempest Pro is tuned for power play with a kevlar blend face and reliable feel for beginner players.,Consistent sweet spot | Comfortable handle | Durable face,May feel firm on dinks,https://www.amazon.com/s?k=Paddletek+Tempest+pickleball+paddle,2024
41,Paddletek Phoenix Lite,Paddletek,7.8,Raw Carbon Fiber,Polymer,Intermediate,Control,https://picsum.photos/seed/pb-41-paddletek-phoenix-lite/800/600,Paddletek Phoenix Lite is tuned for control play with a raw carbon fiber face and reliable feel for intermediate players.,Consistent sweet spot | Comfortable handle | Durable face,May feel firm on dinks,https://www.amazon.com/s?k=Paddletek+Phoenix+pickleball+paddle,2025
42,Paddletek Phoenix Standard,Paddletek,7.9,Fiberglass,Honeycomb Polymer,Advanced,Balanced,https://picsum.photos/seed/pb-42-paddletek-phoenix-standard/800/600,Paddletek Phoenix Standard is tuned for balanced play with a fiberglass face and reliable feel for advanced players.,Consistent sweet spot | Comfortable handle | Durable face,May feel firm on dinks,https://www.amazon.com/s?k=Paddletek+Phoenix+pickleball+paddle,2026
43,Paddletek Phoenix Max,Paddletek,8.0,Graphite,ControlPro Polymer,Beginner,Power,https://picsum.photos/seed/pb-43-paddletek-phoenix-max/800/600,Paddletek Phoenix Max is tuned for power play with a graphite face and reliable feel for beginner players.,Consistent sweet spot | Comfortable handle | Durable face,May feel firm on dinks,https://www.amazon.com/s?k=Paddletek+Phoenix+pickleball+paddle,2021
44,Paddletek Phoenix Pro,Paddletek,8.1,Carbon Fiber,Foam-Injected Polymer,Intermediate,Control,https://picsum.photos/seed/pb-44-paddletek-phoenix-pro/800/600,Paddletek Phoenix Pro is tuned for control play with a carbon fiber face and reliable feel for intermediate players.,Consistent sweet spot | Comfortable handle | Durable face,May feel firm on dinks,https://www.amazon.com/s?k=Paddletek+Phoenix+pickleball+paddle,2022
45,Paddletek Rogue2 Lite,Paddletek,8.2,Kevlar Blend,Polymer,Advanced,Balanced,https://picsum.photos/seed/pb-45-paddletek-rogue2-lite/800/600,Paddletek Rogue2 Lite is tuned for balanced play with a kevlar blend face and reliable feel for advanced players.,Consistent sweet spot | Comfortable handle | Durable face,May feel firm on dinks,https://www.amazon.com/s?k=Paddletek+Rogue2+pickleball+paddle,2023
46,Paddletek Rogue2 Standard,Paddletek,8.3,Raw Carbon Fiber,Honeycomb Polymer,Beginner,Power,https://picsum.photos/seed/pb-46-paddletek-rogue2-standard/800/600,Paddletek Rogue2 Standard is tuned for power play with a raw carbon fiber face and reliable feel for beginner players.,Consistent sweet spot | Comfortable handle | Durable face,May feel firm on dinks,https://www.amazon.com/s?k=Paddletek+Rogue2+pickleball+paddle,2024
47,Paddletek Rogue2 Max,Paddletek,8.4,Fiberglass,ControlPro Polymer,Intermediate,Control,https://picsum.photos/seed/pb-47-paddletek-rogue2-max/800/600,Paddletek Rogue2 Max is tuned for control play with a fiberglass face and reliable feel for intermediate players.,Consistent sweet spot | Comfortable handle | Durable face,May feel firm on dinks,https://www.amazon.com/s?k=Paddletek+Rogue2+pickleball+paddle,2025
48,Paddletek Rogue2 Pro,Paddletek,8.5,Graphite,Foam-Injected Polymer,Advanced,Balanced,https://picsum.photos/seed/pb-48-paddletek-rogue2-pro/800/600,Paddletek Rogue2 Pro is tuned for balanced play with a graphite face and reliable feel for advanced players.,Consistent sweet spot | Comfortable handle | Durable face,May feel firm on dinks,https://www.amazon.com/s?k=Paddletek+Rogue2+pickleball+paddle,2026
49,Vatic Pro PRISM Lite,Vatic Pro,7.4,Carbon Fiber,Polymer,Beginner,Power,https://picsum.photos/seed/pb-49-vatic-pro-prism-lite/800/600,Vatic Pro PRISM Lite is tuned for power play with a carbon fiber face and reliable feel for beginner players.,Consistent sweet spot | Comfortable handle | Durable face,May feel firm on dinks,https://www.amazon.com/s?k=Vatic+Pro+PRISM+pickleball+paddle,2021
50,Vatic Pro PRISM Standard,Vatic Pro,7.5,Kevlar Blend,Honeycomb Polymer,Intermediate,Control,https://picsum.photos/seed/pb-50-vatic-pro-prism-standard/800/600,Vatic Pro PRISM Standard is tuned for control play with a kevlar blend face and reliable feel for intermediate players.,Consistent sweet spot | Comfortable handle | Durable face,May feel firm on dinks,https://www.amazon.com/s?k=Vatic+Pro+PRISM+pickleball+paddle,2022
51,Vatic Pro PRISM Max,Vatic Pro,7.6,Raw Carbon Fiber,ControlPro Polymer,Advanced,Balanced,https://picsum.photos/seed/pb-51-vatic-pro-prism-max/800/600,Vatic Pro PRISM Max is tuned for balanced play with a raw carbon fiber face and reliable feel for advanced players.,Consistent sweet spot | Comfortable handle | Durable face,May feel firm on dinks,https://www.amazon.com/s?k=Vatic+Pro+PRISM+pickleball+paddle,2023
52,Vatic Pro PRISM Pro,Vatic Pro,7.7,Fiberglass,Foam-Injected Polymer,Beginner,Power,https://picsum.photos/seed/pb-52-vatic-pro-prism-pro/800/600,Vatic Pro PRISM Pro is tuned for power play with a fiberglass face and reliable feel for beginner players.,Consistent sweet spot | Comfortable handle | Durable face,May feel firm on dinks,https://www.amazon.com/s?k=Vatic+Pro+PRISM+pickleball+paddle,2024
53,Vatic Pro Flash Lite,Vatic Pro,7.8,Graphite,Polymer,Intermediate,Control,https://picsum.photos/seed/pb-53-vatic-pro-flash-lite/800/600,Vatic Pro Flash Lite is tuned for control play with a graphite face and reliable feel for intermediate players.,Consistent sweet spot | Comfortable handle | Durable face,May feel firm on dinks,https://www.amazon.com/s?k=Vatic+Pro+Flash+pickleball+paddle,2025
54,Vatic Pro Flash Standard,Vatic Pro,7.9,Carbon Fiber,Honeycomb Polymer,Advanced,Balanced,https://picsum.photos/seed/pb-54-vatic-pro-flash-standard/800/600,Vatic Pro Flash Standard is tuned for balanced play with a carbon fiber face and reliable feel for advanced players.,Consistent sweet spot | Comfortable handle | Durable face,May feel firm on dinks,https://www.amazon.com/s?k=Vatic+Pro+Flash+pickleball+paddle,2026
55,Vatic Pro Flash Max,Vatic Pro,8.0,Kevlar Blend,ControlPro Polymer,Beginner,Power,https://picsum.photos/seed/pb-55-vatic-pro-flash-max/800/600,Vatic Pro Flash Max is tuned for power play with a kevlar blend face and reliable feel for beginner players.,Consistent sweet spot | Comfortable handle | Durable face,May feel firm on dinks,https://www.amazon.com/s?k=Vatic+Pro+Flash+pickleball+paddle,2021
56,Vatic Pro Flash Pro,Vatic Pro,8.1,Raw Carbon Fiber,Foam-Injected Polymer,Intermediate,Control,https://picsum.photos/seed/pb-56-vatic-pro-flash-pro/800/600,Vatic Pro Flash Pro is tuned for control play with a raw carbon fiber face and reliable feel for intermediate players.,Consistent sweet spot | Comfortable handle | Durable face,May feel firm on dinks,https://www.amazon.com/s?k=Vatic+Pro+Flash+pickleball+paddle,2022
57,Vatic Pro V7 Lite,Vatic Pro,8.2,Fiberglass,Polymer,Advanced,Balanced,https://picsum.photos/seed/pb-57-vatic-pro-v7-lite/800/600,Vatic Pro V7 Lite is tuned for balanced play with a fiberglass face and reliable feel for advanced players.,Consistent sweet spot | Comfortable handle | Durable face,May feel firm on dinks,https://www.amazon.com/s?k=Vatic+Pro+V7+pickleball+paddle,2023
58,Vatic Pro V7 Standard,Vatic Pro,8.3,Graphite,Honeycomb Polymer,Beginner,Power,https://picsum.photos/seed/pb-58-vatic-pro-v7-standard/800/600,Vatic Pro V7 Standard is tuned for power play with a graphite face and reliable feel for beginner players.,Consistent sweet spot | Comfortable handle | Durable face,May feel firm on dinks,https://www.amazon.com/s?k=Vatic+Pro+V7+pickleball+paddle,2024
59,Vatic Pro V7 Max,Vatic Pro,8.4,Carbon Fiber,ControlPro Polymer,Intermediate,Control,https://picsum.photos/seed/pb-59-vatic-pro-v7-max/800/600,Vatic Pro V7 Max is tuned for control play with a carbon fiber face and reliable feel for intermediate players.,Consistent sweet spot | Comfortable handle | Durable face,May feel firm on dinks,https://www.amazon.com/s?k=Vatic+Pro+V7+pickleball+paddle,2025
60,Vatic Pro V7 Pro,Vatic Pro,8.5,Kevlar Blend,Foam-Injected Polymer,Advanced,Balanced,https://picsum.photos/seed/pb-60-vatic-pro-v7-pro/800/600,Vatic Pro V7 Pro is tuned for balanced play with a kevlar blend face and reliable feel for advanced players.,Consistent sweet spot | Comfortable handle | Durable face,May feel firm on dinks,https://www.amazon.com/s?k=Vatic+Pro+V7+pickleball+paddle,2026
61,Vatic Pro Alchemy Lite,Vatic Pro,7.4,Raw Carbon Fiber,Polymer,Beginner,Power,https://picsum.photos/seed/pb-61-vatic-pro-alchemy-lite/800/600,Vatic Pro Alchemy Lite is tuned for power play with a raw carbon fiber face and reliable feel for beginner players.,Consistent sweet spot | Comfortable handle | Durable face,May feel firm on dinks,https://www.amazon.com/s?k=Vatic+Pro+Alchemy+pickleball+paddle,2021
62,Vatic Pro Alchemy Standard,Vatic Pro,7.5,Fiberglass,Honeycomb Polymer,Intermediate,Control,https://picsum.photos/seed/pb-62-vatic-pro-alchemy-standard/800/600,Vatic Pro Alchemy Standard is tuned for control play with a fiberglass face and reliable feel for intermediate players.,Consistent sweet spot | Comfortable handle | Durable face,May feel firm on dinks,https://www.amazon.com/s?k=Vatic+Pro+Alchemy+pickleball+paddle,2022
63,Vatic Pro Alchemy Max,Vatic Pro,7.6,Graphite,ControlPro Polymer,Advanced,Balanced,https://picsum.photos/seed/pb-63-vatic-pro-alchemy-max/800/600,Vatic Pro Alchemy Max is tuned for balanced play with a graphite face and reliable feel for advanced players.,Consistent sweet spot | Comfortable handle | Durable face,May feel firm on dinks,https://www.amazon.com/s?k=Vatic+Pro+Alchemy+pickleball+paddle,2023
64,Vatic Pro Alchemy Pro,Vatic Pro,7.7,Carbon Fiber,Foam-Injected Polymer,Beginner,Power,https://picsum.photos/seed/pb-64-vatic-pro-alchemy-pro/800/600,Vatic Pro Alchemy Pro is tuned for power play with a carbon fiber face and reliable feel for beginner players.,Consistent sweet spot | Comfortable handle | Durable face,May feel firm on dinks,https://www.amazon.com/s?k=Vatic+Pro+Alchemy+pickleball+paddle,2024
65,Six Zero Double Black Diamond Lite,Six Zero,7.8,Kevlar Blend,Polymer,Intermediate,Control,https://picsum.photos/seed/pb-65-six-zero-double-black-diamond-lite/800/600,Six Zero Double Black Diamond Lite is tuned for control play with a kevlar blend face and reliable feel for intermediate players.,Consistent sweet spot | Comfortable handle | Durable face,May feel firm on dinks,https://www.amazon.com/s?k=Six+Zero+Double+Black+Diamond+pickleball+paddle,2025
66,Six Zero Double Black Diamond Standard,Six Zero,7.9,Raw Carbon Fiber,Honeycomb Polymer,Advanced,Balanced,https://picsum.photos/seed/pb-66-six-zero-double-black-diamond-standard/800/600,Six Zero Double Black Diamond Standard is tuned for balanced play with a raw carbon fiber face and reliable feel for advanced players.,Consistent sweet spot | Comfortable handle | Durable face,May feel firm on dinks,https://www.amazon.com/s?k=Six+Zero+Double+Black+Diamond+pickleball+paddle,2026
67,Six Zero Double Black Diamond Max,Six Zero,8.0,Fiberglass,ControlPro Polymer,Beginner,Power,https://picsum.photos/seed/pb-67-six-zero-double-black-diamond-max/800/600,Six Zero Double Black Diamond Max is tuned for power play with a fiberglass face and reliable feel for beginner players.,Consistent sweet spot | Comfortable handle | Durable face,May feel firm on dinks,https://www.amazon.com/s?k=Six+Zero+Double+Black+Diamond+pickleball+paddle,2021
68,Six Zero Double Black Diamond Pro,Six Zero,8.1,Graphite,Foam-Injected Polymer,Intermediate,Control,https://picsum.photos/seed/pb-68-six-zero-double-black-diamond-pro/800/600,Six Zero Double Black Diamond Pro is tuned for control play with a graphite face and reliable feel for intermediate players.,Consistent sweet spot | Comfortable handle | Durable face,May feel firm on dinks,https://www.amazon.com/s?k=Six+Zero+Double+Black+Diamond+pickleball+paddle,2022
69,Six Zero Ruby Lite,Six Zero,8.2,Carbon Fiber,Polymer,Advanced,Balanced,https://picsum.photos/seed/pb-69-six-zero-ruby-lite/800/600,Six Zero Ruby Lite is tuned for balanced play with a carbon fiber face and reliable feel for advanced players.,Consistent sweet spot | Comfortable handle | Durable face,May feel firm on dinks,https://www.amazon.com/s?k=Six+Zero+Ruby+pickleball+paddle,2023
70,Six Zero Ruby Standard,Six Zero,8.3,Kevlar Blend,Honeycomb Polymer,Beginner,Power,https://picsum.photos/seed/pb-70-six-zero-ruby-standard/800/600,Six Zero Ruby Standard is tuned for power play with a kevlar blend face and reliable feel for beginner players.,Consistent sweet spot | Comfortable handle | Durable face,May feel firm on dinks,https://www.amazon.com/s?k=Six+Zero+Ruby+pickleball+paddle,2024
71,Six Zero Ruby Max,Six Zero,8.4,Raw Carbon Fiber,ControlPro Polymer,Intermediate,Control,https://picsum.photos/seed/pb-71-six-zero-ruby-max/800/600,Six Zero Ruby Max is tuned for control play with a raw carbon fiber face and reliable feel for intermediate players.,Consistent sweet spot | Comfortable handle | Durable face,May feel firm on dinks,https://www.amazon.com/s?k=Six+Zero+Ruby+pickleball+paddle,2025
72,Six Zero Ruby Pro,Six Zero,8.5,Fiberglass,Foam-Injected Polymer,Advanced,Balanced,https://picsum.photos/seed/pb-72-six-zero-ruby-pro/800/600,Six Zero Ruby Pro is tuned for balanced play with a fiberglass face and reliable feel for advanced players.,Consistent sweet spot | Comfortable handle | Durable face,May feel firm on dinks,https://www.amazon.com/s?k=Six+Zero+Ruby+pickleball+paddle,2026
73,Six Zero Sapphire Lite,Six Zero,7.4,Graphite,Polymer,Beginner,Power,https://picsum.photos/seed/pb-73-six-zero-sapphire-lite/800/600,Six Zero Sapphire Lite is tuned for power play with a graphite face and reliable feel for beginner players.,Consistent sweet spot | Comfortable handle | Durable face,May feel firm on dinks,https://www.amazon.com/s?k=Six+Zero+Sapphire+pickleball+paddle,2021
74,Six Zero Sapphire Standard,Six Zero,7.5,Carbon Fiber,Honeycomb Polymer,Intermediate,Control,https://picsum.photos/seed/pb-74-six-zero-sapphire-standard/800/600,Six Zero Sapphire Standard is tuned for control play with a carbon fiber face and reliable feel for intermediate players.,Consistent sweet spot | Comfortable handle | Durable face,May feel firm on dinks,https://www.amazon.com/s?k=Six+Zero+Sapphire+pickleball+paddle,2022
75,Six Zero Sapphire Max,Six Zero,7.6,Kevlar Blend,ControlPro Polymer,Advanced,Balanced,https://picsum.photos/seed/pb-75-six-zero-sapphire-max/800/600,Six Zero Sapphire Max is tuned for balanced play with a kevlar blend face and reliable feel for advanced players.,Consistent sweet spot | Comfortable handle | Durable face,May feel firm on dinks,https://www.amazon.com/s?k=Six+Zero+Sapphire+pickleball+paddle,2023
76,Six Zero Sapphire Pro,Six Zero,7.7,Raw Carbon Fiber,Foam-Injected Polymer,Beginner,Power,https://picsum.photos/seed/pb-76-six-zero-sapphire-pro/800/600,Six Zero Sapphire Pro is tuned for power play with a raw carbon fiber face and reliable feel for beginner players.,Consistent sweet spot | Comfortable handle | Durable face,May feel firm on dinks,https://www.amazon.com/s?k=Six+Zero+Sapphire+pickleball+paddle,2024
77,Six Zero Infinity Lite,Six Zero,7.8,Fiberglass,Polymer,Intermediate,Control,https://picsum.photos/seed/pb-77-six-zero-infinity-lite/800/600,Six Zero Infinity Lite is tuned for control play with a fiberglass face and reliable feel for intermediate players.,Consistent sweet spot | Comfortable handle | Durable face,May feel firm on dinks,https://www.amazon.com/s?k=Six+Zero+Infinity+pickleball+paddle,2025
78,Six Zero Infinity Standard,Six Zero,7.9,Graphite,Honeycomb Polymer,Advanced,Balanced,https://picsum.photos/seed/pb-78-six-zero-infinity-standard/800/600,Six Zero Infinity Standard is tuned for balanced play with a graphite face and reliable feel for advanced players.,Consistent sweet spot | Comfortable handle | Durable face,May feel firm on dinks,https://www.amazon.com/s?k=Six+Zero+Infinity+pickleball+paddle,2026
79,Six Zero Infinity Max,Six Zero,8.0,Carbon Fiber,ControlPro Polymer,Beginner,Power,https://picsum.photos/seed/pb-79-six-zero-infinity-max/800/600,Six Zero Infinity Max is tuned for power play with a carbon fiber face and reliable feel for beginner players.,Consistent sweet spot | Comfortable handle | Durable face,May feel firm on dinks,https://www.amazon.com/s?k=Six+Zero+Infinity+pickleball+paddle,2021
80,Six Zero Infinity Pro,Six Zero,8.1,Kevlar Blend,Foam-Injected Polymer,Intermediate,Control,https://picsum.photos/seed/pb-80-six-zero-infinity-pro/800/600,Six Zero Infinity Pro is tuned for control play with a kevlar blend face and reliable feel for intermediate players.,Consistent sweet spot | Comfortable handle | Durable face,May feel firm on dinks,https://www.amazon.com/s?k=Six+Zero+Infinity+pickleball+paddle,2022
81,Engage Pursuit Lite,Engage,8.2,Raw Carbon Fiber,Polymer,Advanced,Balanced,https://picsum.photos/seed/pb-81-engage-pursuit-lite/800/600,Engage Pursuit Lite is tuned for balanced play with a raw carbon fiber face and reliable feel for advanced players.,Consistent sweet spot | Comfortable handle | Durable face,May feel firm on dinks,https://www.amazon.com/s?k=Engage+Pursuit+pickleball+paddle,2023
82,Engage Pursuit Standard,Engage,8.3,Fiberglass,Honeycomb Polymer,Beginner,Power,https://picsum.photos/seed/pb-82-engage-pursuit-standard/800/600,Engage Pursuit Standard is tuned for power play with a fiberglass face and reliable feel for beginner players.,Consistent sweet spot | Comfortable handle | Durable face,May feel firm on dinks,https://www.amazon.com/s?k=Engage+Pursuit+pickleball+paddle,2024
83,Engage Pursuit Max,Engage,8.4,Graphite,ControlPro Polymer,Intermediate,Control,https://picsum.photos/seed/pb-83-engage-pursuit-max/800/600,Engage Pursuit Max is tuned for control play with a graphite face and reliable feel for intermediate players.,Consistent sweet spot | Comfortable handle | Durable face,May feel firm on dinks,https://www.amazon.com/s?k=Engage+Pursuit+pickleball+paddle,2025
84,Engage Pursuit Pro,Engage,8.5,Carbon Fiber,Foam-Injected Polymer,Advanced,Balanced,https://picsum.photos/seed/pb-84-engage-pursuit-pro/800/600,Engage Pursuit Pro is tuned for balanced play with a carbon fiber face and reliable feel for advanced players.,Consistent sweet spot | Comfortable handle | Durable face,May feel firm on dinks,https://www.amazon.com/s?k=Engage+Pursuit+pickleball+paddle,2026
85,Engage Encore Lite,Engage,7.4,Kevlar Blend,Polymer,Beginner,Power,https://picsum.photos/seed/pb-85-engage-encore-lite/800/600,Engage Encore Lite is tuned for power play with a kevlar blend face and reliable feel for beginner players.,Consistent sweet spot | Comfortable handle | Durable face,May feel firm on dinks,https://www.amazon.com/s?k=Engage+Encore+pickleball+paddle,2021
86,Engage Encore Standard,Engage,7.5,Raw Carbon Fiber,Honeycomb Polymer,Intermediate,Control,https://picsum.photos/seed/pb-86-engage-encore-standard/800/600,Engage Encore Standard is tuned for control play with a raw carbon fiber face and reliable feel for intermediate players.,Consistent sweet spot | Comfortable handle | Durable face,May feel firm on dinks,https://www.amazon.com/s?k=Engage+Encore+pickleball+paddle,2022
87,Engage Encore Max,Engage,7.6,Fiberglass,ControlPro Polymer,Advanced,Balanced,https://picsum.photos/seed/pb-87-engage-encore-max/800/600,Engage Encore Max is tuned for balanced play with a fiberglass face and reliable feel for advanced players.,Consistent sweet spot | Comfortable handle | Durable face,May feel firm on dinks,https://www.amazon.com/s?k=Engage+Encore+pickleball+paddle,2023
88,Engage Encore Pro,Engage,7.7,Graphite,Foam-Injected Polymer,Beginner,Power,https://picsum.photos/seed/pb-88-engage-encore-pro/800/600,Engage Encore Pro is tuned for power play with a graphite face and reliable feel for beginner players.,Consistent sweet spot | Comfortable handle | Durable face,May feel firm on dinks,https://www.amazon.com/s?k=Engage+Encore+pickleball+paddle,2024
89,Engage Evolution Lite,Engage,7.8,Carbon Fiber,Polymer,Intermediate,Control,https://picsum.photos/seed/pb-89-engage-evolution-lite/800/600,Engage Evolution Lite is tuned for control play with a carbon fiber face and reliable feel for intermediate players.,Consistent sweet spot | Comfortable handle | Durable face,May feel firm on dinks,https://www.amazon.com/s?k=Engage+Evolution+pickleball+paddle,2025
90,Engage Evolution Standard,Engage,7.9,Kevlar Blend,Honeycomb Polymer,Advanced,Balanced,https://picsum.photos/seed/pb-90-engage-evolution-standard/800/600,Engage Evolution Standard is tuned for balanced play with a kevlar blend face and reliable feel for advanced players.,Consistent sweet spot | Comfortable handle | Durable face,May feel firm on dinks,https://www.amazon.com/s?k=Engage+Evolution+pickleball+paddle,2026
91,Engage Evolution Max,Engage,8.0,Raw Carbon Fiber,ControlPro Polymer,Beginner,Power,https://picsum.photos/seed/pb-91-engage-evolution-max/800/600,Engage Evolution Max is tuned for power play with a raw carbon fiber face and reliable feel for beginner players.,Consistent sweet spot | Comfortable handle | Durable face,May feel firm on dinks,https://www.amazon.com/s?k=Engage+Evolution+pickleball+paddle,2021
92,Engage Evolution Pro,Engage,8.1,Fiberglass,Foam-Injected Polymer,Intermediate,Control,https://picsum.photos/seed/pb-92-engage-evolution-pro/800/600,Engage Evolution Pro is tuned for control play with a fiberglass face and reliable feel for intermediate players.,Consistent sweet spot | Comfortable handle | Durable face,May feel firm on dinks,https://www.amazon.com/s?k=Engage+Evolution+pickleball+paddle,2022
93,Engage Poach Lite,Engage,8.2,Graphite,Polymer,Advanced,Balanced,https://picsum.photos/seed/pb-93-engage-poach-lite/800/600,Engage Poach Lite is tuned for balanced play with a graphite face and reliable feel for advanced players.,Consistent sweet spot | Comfortable handle | Durable face,May feel firm on dinks,https://www.amazon.com/s?k=Engage+Poach+pickleball+paddle,2023
94,Engage Poach Standard,Engage,8.3,Carbon Fiber,Honeycomb Polymer,Beginner,Power,https://picsum.photos/seed/pb-94-engage-poach-standard/800/600,Engage Poach Standard is tuned for power play with a carbon fiber face and reliable feel for beginner players.,Consistent sweet spot | Comfortable handle | Durable face,May feel firm on dinks,https://www.amazon.com/s?k=Engage+Poach+pickleball+paddle,2024
95,Engage Poach Max,Engage,8.4,Kevlar Blend,ControlPro Polymer,Intermediate,Control,https://picsum.photos/seed/pb-95-engage-poach-max/800/600,Engage Poach Max is tuned for control play with a kevlar blend face and reliable feel for intermediate players.,Consistent sweet spot | Comfortable handle | Durable face,May feel firm on dinks,https://www.amazon.com/s?k=Engage+Poach+pickleball+paddle,2025
96,Engage Poach Pro,Engage,8.5,Raw Carbon Fiber,Foam-Injected Polymer,Advanced,Balanced,https://picsum.photos/seed/pb-96-engage-poach-pro/800/600,Engage Poach Pro is tuned for balanced play with a raw carbon fiber face and reliable feel for advanced players.,Consistent sweet spot | Comfortable handle | Durable face,May feel firm on dinks,https://www.amazon.com/s?k=Engage+Poach+pickleball+paddle,2026
97,Onix Z5 Lite,Onix,7.4,Fiberglass,Polymer,Beginner,Power,https://picsum.photos/seed/pb-97-onix-z5-lite/800/600,Onix Z5 Lite is tuned for power play with a fiberglass face and reliable feel for beginner players.,Consistent sweet spot | Comfortable handle | Durable face,May feel firm on dinks,https://www.amazon.com/s?k=Onix+Z5+pickleball+paddle,2021
98,Onix Z5 Standard,Onix,7.5,Graphite,Honeycomb Polymer,Intermediate,Control,https://picsum.photos/seed/pb-98-onix-z5-standard/800/600,Onix Z5 Standard is tuned for control play with a graphite face and reliable feel for intermediate players.,Consistent sweet spot | Comfortable handle | Durable face,May feel firm on dinks,https://www.amazon.com/s?k=Onix+Z5+pickleball+paddle,2022
99,Onix Z5 Max,Onix,7.6,Carbon Fiber,ControlPro Polymer,Advanced,Balanced,https://picsum.photos/seed/pb-99-onix-z5-max/800/600,Onix Z5 Max is tuned for balanced play with a carbon fiber face and reliable feel for advanced players.,Consistent sweet spot | Comfortable handle | Durable face,May feel firm on dinks,https://www.amazon.com/s?k=Onix+Z5+pickleball+paddle,2023
100,Onix Z5 Pro,Onix,7.7,Kevlar Blend,Foam-Injected Polymer,Beginner,Power,https://picsum.photos/seed/pb-100-onix-z5-pro/800/600,Onix Z5 Pro is tuned for power play with a kevlar blend face and reliable feel for beginner players.,Consistent sweet spot | Comfortable handle | Durable face,May feel firm on dinks,https://www.amazon.com/s?k=Onix+Z5+pickleball+paddle,2024
101,Onix Evoke Lite,Onix,7.8,Raw Carbon Fiber,Polymer,Intermediate,Control,https://picsum.photos/seed/pb-101-onix-evoke-lite/800/600,Onix Evoke Lite is tuned for control play with a raw carbon fiber face and reliable feel for intermediate players.,Consistent sweet spot | Comfortable handle | Durable face,May feel firm on dinks,https://www.amazon.com/s?k=Onix+Evoke+pickleball+paddle,2025
102,Onix Evoke Standard,Onix,7.9,Fiberglass,Honeycomb Polymer,Advanced,Balanced,https://picsum.photos/seed/pb-102-onix-evoke-standard/800/600,Onix Evoke Standard is tuned for balanced play with a fiberglass face and reliable feel for advanced players.,Consistent sweet spot | Comfortable handle | Durable face,May feel firm on dinks,https://www.amazon.com/s?k=Onix+Evoke+pickleball+paddle,2026
103,Onix Evoke Max,Onix,8.0,Graphite,ControlPro Polymer,Beginner,Power,https://picsum.photos/seed/pb-103-onix-evoke-max/800/600,Onix Evoke Max is tuned for power play with a graphite face and reliable feel for beginner players.,Consistent sweet spot | Comfortable handle | Durable face,May feel firm on dinks,https://www.amazon.com/s?k=Onix+Evoke+pickleball+paddle,2021
104,Onix Evoke Pro,Onix,8.1,Carbon Fiber,Foam-Injected Polymer,Intermediate,Control,https://picsum.photos/seed/pb-104-onix-evoke-pro/800/600,Onix Evoke Pro is tuned for control play with a carbon fiber face and reliable feel for intermediate players.,Consistent sweet spot | Comfortable handle | Durable face,May feel firm on dinks,https://www.amazon.com/s?k=Onix+Evoke+pickleball+paddle,2022
105,Onix Premiere Lite,Onix,8.2,Kevlar Blend,Polymer,Advanced,Balanced,https://picsum.photos/seed/pb-105-onix-premiere-lite/800/600,Onix Premiere Lite is tuned for balanced play with a kevlar blend face and reliable feel for advanced players.,Consistent sweet spot | Comfortable handle | Durable face,May feel firm on dinks,https://www.amazon.com/s?k=Onix+Premiere+pickleball+paddle,2023
106,Onix Premiere Standard,Onix,8.3,Raw Carbon Fiber,Honeycomb Polymer,Beginner,Power,https://picsum.photos/seed/pb-106-onix-premiere-standard/800/600,Onix Premiere Standard is tuned for power play with a raw carbon fiber face and reliable feel for beginner players.,Consistent sweet spot | Comfortable handle | Durable face,May feel firm on dinks,https://www.amazon.com/s?k=Onix+Premiere+pickleball+paddle,2024
107,Onix Premiere Max,Onix,8.4,Fiberglass,ControlPro Polymer,Intermediate,Control,https://picsum.photos/seed/pb-107-onix-premiere-max/800/600,Onix Premiere Max is tuned for control play with a fiberglass face and reliable feel for intermediate players.,Consistent sweet spot | Comfortable handle | Durable face,May feel firm on dinks,https://www.amazon.com/s?k=Onix+Premiere+pickleball+paddle,2025
108,Onix Premiere Pro,Onix,8.5,Graphite,Foam-Injected Polymer,Advanced,Balanced,https://picsum.photos/seed/pb-108-onix-premiere-pro/800/600,Onix Premiere Pro is tuned for balanced play with a graphite face and reliable feel for advanced players.,Consistent sweet spot | Comfortable handle | Durable face,May feel firm on dinks,https://www.amazon.com/s?k=Onix+Premiere+pickleball+paddle,2026
109,Onix Summit Lite,Onix,7.4,Carbon Fiber,Polymer,Beginner,Power,https://picsum.photos/seed/pb-109-onix-summit-lite/800/600,Onix Summit Lite is tuned for power play with a carbon fiber face and reliable feel for beginner players.,Consistent sweet spot | Comfortable handle | Durable face,May feel firm on dinks,https://www.amazon.com/s?k=Onix+Summit+pickleball+paddle,2021
110,Onix Summit Standard,Onix,7.5,Kevlar Blend,Honeycomb Polymer,Intermediate,Control,https://picsum.photos/seed/pb-110-onix-summit-standard/800/600,Onix Summit Standard is tuned for control play with a kevlar blend face and reliable feel for intermediate players.,Consistent sweet spot | Comfortable handle | Durable face,May feel firm on dinks,https://www.amazon.com/s?k=Onix+Summit+pickleball+paddle,2022
111,Onix Summit Max,Onix,7.6,Raw Carbon Fiber,ControlPro Polymer,Advanced,Balanced,https://picsum.photos/seed/pb-111-onix-summit-max/800/600,Onix Summit Max is tuned for balanced play with a raw carbon fiber face and reliable feel for advanced players.,Consistent sweet spot | Comfortable handle | Durable face,May feel firm on dinks,https://www.amazon.com/s?k=Onix+Summit+pickleball+paddle,2023
112,Onix Summit Pro,Onix,7.7,Fiberglass,Foam-Injected Polymer,Beginner,Power,https://picsum.photos/seed/pb-112-onix-summit-pro/800/600,Onix Summit Pro is tuned for power play with a fiberglass face and reliable feel for beginner players.,Consistent sweet spot | Comfortable handle | Durable face,May feel firm on dinks,https://www.amazon.com/s?k=Onix+Summit+pickleball+paddle,2024
113,Gamma Compass Lite,Gamma,7.8,Graphite,Polymer,Intermediate,Control,https://picsum.photos/seed/pb-113-gamma-compass-lite/800/600,Gamma Compass Lite is tuned for control play with a graphite face and reliable feel for intermediate players.,Consistent sweet spot | Comfortable handle | Durable face,May feel firm on dinks,https://www.amazon.com/s?k=Gamma+Compass+pickleball+paddle,2025
114,Gamma Compass Standard,Gamma,7.9,Carbon Fiber,Honeycomb Polymer,Advanced,Balanced,https://picsum.photos/seed/pb-114-gamma-compass-standard/800/600,Gamma Compass Standard is tuned for balanced play with a carbon fiber face and reliable feel for advanced players.,Consistent sweet spot | Comfortable handle | Durable face,May feel firm on dinks,https://www.amazon.com/s?k=Gamma+Compass+pickleball+paddle,2026
115,Gamma Compass Max,Gamma,8.0,Kevlar Blend,ControlPro Polymer,Beginner,Power,https://picsum.photos/seed/pb-115-gamma-compass-max/800/600,Gamma Compass Max is tuned for power play with a kevlar blend face and reliable feel for beginner players.,Consistent sweet spot | Comfortable handle | Durable face,May feel firm on dinks,https://www.amazon.com/s?k=Gamma+Compass+pickleball+paddle,2021
116,Gamma Compass Pro,Gamma,8.1,Raw Carbon Fiber,Foam-Injected Polymer,Intermediate,Control,https://picsum.photos/seed/pb-116-gamma-compass-pro/800/600,Gamma Compass Pro is tuned for control play with a raw carbon fiber face and reliable feel for intermediate players.,Consistent sweet spot | Comfortable handle | Durable face,May feel firm on dinks,https://www.amazon.com/s?k=Gamma+Compass+pickleball+paddle,2022
117,Gamma Needle Lite,Gamma,8.2,Fiberglass,Polymer,Advanced,Balanced,https://picsum.photos/seed/pb-117-gamma-needle-lite/800/600,Gamma Needle Lite is tuned for balanced play with a fiberglass face and reliable feel for advanced players.,Consistent sweet spot | Comfortable handle | Durable face,May feel firm on dinks,https://www.amazon.com/s?k=Gamma+Needle+pickleball+paddle,2023
118,Gamma Needle Standard,Gamma,8.3,Graphite,Honeycomb Polymer,Beginner,Power,https://picsum.photos/seed/pb-118-gamma-needle-standard/800/600,Gamma Needle Standard is tuned for power play with a graphite face and reliable feel for beginner players.,Consistent sweet spot | Comfortable handle | Durable face,May feel firm on dinks,https://www.amazon.com/s?k=Gamma+Needle+pickleball+paddle,2024
119,Gamma Needle Max,Gamma,8.4,Carbon Fiber,ControlPro Polymer,Intermediate,Control,https://picsum.photos/seed/pb-119-gamma-needle-max/800/600,Gamma Needle Max is tuned for control play with a carbon fiber face and reliable feel for intermediate players.,Consistent sweet spot | Comfortable handle | Durable face,May feel firm on dinks,https://www.amazon.com/s?k=Gamma+Needle+pickleball+paddle,2025
120,Gamma Needle Pro,Gamma,8.5,Kevlar Blend,Foam-Injected Polymer,Advanced,Balanced,https://picsum.photos/seed/pb-120-gamma-needle-pro/800/600,Gamma Needle Pro is tuned for balanced play with a kevlar blend face and reliable feel for advanced players.,Consistent sweet spot | Comfortable handle | Durable face,May feel firm on dinks,https://www.amazon.com/s?k=Gamma+Needle+pickleball+paddle,2026
121,Gamma Fusion Lite,Gamma,7.4,Raw Carbon Fiber,Polymer,Beginner,Power,https://picsum.photos/seed/pb-121-gamma-fusion-lite/800/600,Gamma Fusion Lite is tuned for power play with a raw carbon fiber face and reliable feel for beginner players.,Consistent sweet spot | Comfortable handle | Durable face,May feel firm on dinks,https://www.amazon.com/s?k=Gamma+Fusion+pickleball+paddle,2021
122,Gamma Fusion Standard,Gamma,7.5,Fiberglass,Honeycomb Polymer,Intermediate,Control,https://picsum.photos/seed/pb-122-gamma-fusion-standard/800/600,Gamma Fusion Standard is tuned for control play with a fiberglass face and reliable feel for intermediate players.,Consistent sweet spot | Comfortable handle | Durable face,May feel firm on dinks,https://www.amazon.com/s?k=Gamma+Fusion+pickleball+paddle,2022
123,Gamma Fusion Max,Gamma,7.6,Graphite,ControlPro Polymer,Advanced,Balanced,https://picsum.photos/seed/pb-123-gamma-fusion-max/800/600,Gamma Fusion Max is tuned for balanced play with a graphite face and reliable feel for advanced players.,Consistent sweet spot | Comfortable handle | Durable face,May feel firm on dinks,https://www.amazon.com/s?k=Gamma+Fusion+pickleball+paddle,2023
124,Gamma Fusion Pro,Gamma,7.7,Carbon Fiber,Foam-Injected Polymer,Beginner,Power,https://picsum.photos/seed/pb-124-gamma-fusion-pro/800/600,Gamma Fusion Pro is tuned for power play with a carbon fiber face and reliable feel for beginner players.,Consistent sweet spot | Comfortable handle | Durable face,May feel firm on dinks,https://www.amazon.com/s?k=Gamma+Fusion+pickleball+paddle,2024
125,Gamma RZR Lite,Gamma,7.8,Kevlar Blend,Polymer,Intermediate,Control,https://picsum.photos/seed/pb-125-gamma-rzr-lite/800/600,Gamma RZR Lite is tuned for control play with a kevlar blend face and reliable feel for intermediate players.,Consistent sweet spot | Comfortable handle | Durable face,May feel firm on dinks,https://www.amazon.com/s?k=Gamma+RZR+pickleball+paddle,2025
126,Gamma RZR Standard,Gamma,7.9,Raw Carbon Fiber,Honeycomb Polymer,Advanced,Balanced,https://picsum.photos/seed/pb-126-gamma-rzr-standard/800/600,Gamma RZR Standard is tuned for balanced play with a raw carbon fiber face and reliable feel for advanced players.,Consistent sweet spot | Comfortable handle | Durable face,May feel firm on dinks,https://www.amazon.com/s?k=Gamma+RZR+pickleball+paddle,2026
127,Gamma RZR Max,Gamma,8.0,Fiberglass,ControlPro Polymer,Beginner,Power,https://picsum.photos/seed/pb-127-gamma-rzr-max/800/600,Gamma RZR Max is tuned for power play with a fiberglass face and reliable feel for beginner players.,Consistent sweet spot | Comfortable handle | Durable face,May feel firm on dinks,https://www.amazon.com/s?k=Gamma+RZR+pickleball+paddle,2021
128,Gamma RZR Pro,Gamma,8.1,Graphite,Foam-Injected Polymer,Intermediate,Control,https://picsum.photos/seed/pb-128-gamma-rzr-pro/800/600,Gamma RZR Pro is tuned for control play with a graphite face and reliable feel for intermediate players.,Consistent sweet spot | Comfortable handle | Durable face,May feel firm on dinks,https://www.amazon.com/s?k=Gamma+RZR+pickleball+paddle,2022
